streams,bpm,danceability_%,valence_%,energy_%,acousticness_%,instrumentalness_%,liveness_%,speechiness_%
141381703,125,80,89,83,31,0,8,4
133716286,92,71,61,74,7,0,10,4
140003974,138,51,32,53,17,0,31,6
800840817,170,55,58,72,11,0,11,15
303236322,144,65,23,80,14,63,11,6
183706234,141,92,66,58,19,0,8,24
725980112,148,67,83,76,48,0,8,3
58149378,100,67,26,71,37,0,11,4
95217315,130,85,22,62,12,0,28,9
553634067,170,81,56,48,21,0,8,33
505671438,83,57,56,72,23,0,27,5
58255150,150,78,52,82,18,0,15,7
1316855716,118,71,65,68,6,0,3,7
387570742,130,51,32,43,83,0,9,3
2513188493,174,52,66,73,34,0,31,6
1163093654,89,64,43,73,5,17,16,4
496795686,120,78,76,59,43,0,34,3
30546883,78,44,14,9,96,0,10,3
335222234,100,86,67,66,14,0,12,16
363369738,120,63,36,73,0,0,36,4
86444842,140,65,87,74,22,0,42,4
52135248,123,69,82,76,6,0,6,3
1297026226,135,48,44,42,12,2,11,3
200647221,133,85,81,67,26,0,12,5
115364561,99,85,83,68,7,0,36,20
78300654,130,79,96,86,9,0,9,9
899183384,107,80,82,80,43,0,14,4
61245289,122,81,74,71,14,0,56,4
429829812,204,52,52,68,46,0,15,4
127408954,110,67,78,85,2,0,33,5
22581161,126,74,35,84,0,0,11,6
52294266,168,56,63,87,39,0,11,5
843957510,98,71,17,61,36,0,8,5
999748277,97,64,51,63,12,0,19,5
618990393,180,72,61,63,67,0,9,28
123122413,120,81,63,68,11,0,11,4
188933502,150,61,39,73,37,0,11,3
1355959075,96,75,57,68,9,0,13,6
786181836,95,60,48,79,0,0,12,4
176553476,125,79,96,85,27,0,11,6
354495408,144,56,84,65,23,0,10,6
2808096550,90,76,91,50,54,0,7,5
1109433169,128,56,38,97,4,0,35,4
1047101291,79,56,58,56,37,0,11,10
65156199,144,77,75,58,52,0,23,25
570515054,122,67,49,64,10,0,10,3
1085685420,140,71,82,81,11,0,6,5
1647990401,134,59,51,52,9,0,15,7
2565529693,186,68,49,59,16,0,13,28
518745108,67,53,50,53,23,0,44,7
107753850,106,72,17,64,7,0,10,5
177740666,128,60,23,91,0,0,12,3
153372011,107,92,55,70,18,0,15,7
57876440,130,67,96,88,12,19,8,4
1813673666,123,45,13,54,70,0,9,4
3703895074,171,50,38,80,0,0,9,7
256483385,137,64,88,72,51,0,17,5
1214083358,125,84,85,68,58,0,22,4
16011326,128,86,42,72,59,0,9,19
812019557,130,61,53,58,55,0,27,4
111947664,130,86,59,96,50,1,9,5
156338624,133,70,86,81,25,0,25,5
720434240,101,88,72,59,62,0,9,3
357925728,95,77,53,64,74,0,17,14
674072710,98,90,40,59,0,0,10,29
1755214421,173,43,28,66,0,0,23,3
404562836,90,64,10,62,7,0,48,7
373199958,198,59,71,42,55,0,10,7
14780425,140,56,48,73,0,0,35,4
39578178,82,51,22,53,1,0,15,3
54266102,130,77,84,89,17,0,43,5
2557975762,81,76,53,53,44,0,9,9
751134527,94,51,14,59,65,18,25,3
2282771485,124,61,41,81,5,2,10,3
1356565093,128,62,55,78,1,3,23,4
1592909789,138,49,42,62,9,0,11,3
635412045,132,58,27,48,50,0,12,3
1230675890,131,71,24,47,1,0,27,9
585695368,168,78,58,73,5,0,10,7
43857627,98,68,40,79,33,0,30,6
2009094673,102,48,50,73,43,0,15,4
600976848,101,34,32,57,78,0,20,3
39709092,130,63,36,34,76,0,35,9
39228929,142,50,20,64,1,0,12,3
2665343922,170,59,48,76,4,0,10,5
223633238,124,78,70,68,3,1,11,4
2887241814,110,50,45,41,75,0,11,3
1440757818,92,91,43,71,9,0,9,8
165484133,116,82,40,66,39,51,25,7
58054811,129,63,84,82,70,8,9,7
157058870,98,71,67,60,19,0,12,3
95131998,172,74,76,76,6,0,10,9
250305248,150,68,14,76,4,0,10,4
685032533,136,62,19,53,11,0,6,4
38411956,88,53,34,47,9,0,83,4
144565150,143,83,69,44,15,0,10,33
127567540,100,49,17,35,71,9,11,3
399686758,143,56,39,55,14,0,11,13
983637508,112,56,24,66,7,0,12,3
118482347,93,62,57,59,3,0,38,3
882831184,206,43,50,55,50,0,15,10
286400165,88,68,17,71,15,0,11,5
172825906,170,50,37,90,0,0,12,5
1241559043,84,62,24,67,21,0,13,28
29562220,134,81,53,72,51,0,12,5
77309611,158,54,50,40,61,0,10,6
1605224506,116,80,92,80,4,0,10,3
1116995633,117,61,45,69,2,0,9,3
838079900,114,77,65,72,2,0,7,5
1163620694,108,61,47,68,0,0,13,3
1093605526,144,74,37,53,7,0,21,10
179659294,130,51,18,44,76,0,11,3
39058561,116,77,79,62,33,1,15,3
36912123,121,65,49,78,0,0,17,4
1205951614,112,64,54,81,36,0,11,6
1791000570,100,70,47,52,30,0,6,33
201660859,150,55,30,78,24,0,12,8
248088961,120,84,96,71,18,0,34,17
90839753,127,82,89,85,4,0,23,6
607123776,90,51,42,61,53,0,9,3
55842345,128,75,79,63,33,0,15,4
211050784,143,64,31,87,4,4,8,4
342897938,139,74,68,68,3,0,26,4
2762,162,49,78,64,19,0,11,4
330346424,92,81,39,60,31,0,7,3
601863821,95,87,57,55,10,0,29,7
1953533826,146,63,88,93,3,0,10,8
2322580122,95,55,56,82,12,0,34,5
2355719893,115,35,12,30,93,0,10,3
66902503,128,78,59,65,10,0,26,5
96273746,130,82,69,83,3,0,27,5
430977451,127,80,74,77,36,0,11,4
284819874,150,42,20,86,21,0,9,9
721975598,122,78,50,63,27,0,9,5
1217120710,140,52,20,85,0,0,7,5
109276132,140,63,22,54,46,0,12,8
276259178,119,75,48,53,18,0,18,34
54225632,110,76,96,72,32,0,9,4
2559529074,95,60,17,45,16,0,11,2
681583126,132,56,20,55,45,1,32,3
2594040133,125,77,74,78,4,0,23,11
81102253,124,84,65,50,67,0,13,6
11956641,133,93,68,65,42,0,12,25
1687664027,112,92,67,66,0,0,36,9
11599388,97,79,92,89,5,0,6,5
611700552,90,59,52,48,38,5,10,11
1133865788,80,65,27,69,8,0,53,4
1089402494,172,45,33,59,6,0,8,3
411747614,120,60,24,35,73,0,31,3
255932395,140,74,96,80,18,0,5,5
31873544,128,81,90,77,1,0,9,5
95053634,122,78,70,81,57,0,10,5
1279434863,130,47,86,92,8,0,5,24
233801632,160,69,61,71,33,0,31,20
1481349984,144,73,87,70,6,0,28,5
142095275,192,50,85,52,11,0,28,6
618885532,163,54,40,67,0,0,9,17
2011464183,122,66,48,71,6,0,12,4
1167330737,154,61,41,74,21,0,40,6
929964809,117,73,31,69,6,0,11,4
436027885,138,78,89,83,10,0,12,5
657723613,96,86,74,80,33,0,8,6
2713922350,104,77,36,63,1,0,36,5
621660989,164,45,24,62,8,0,16,3
1591223784,118,68,61,82,2,0,50,3
950906471,81,68,51,60,3,0,19,10
1593270737,117,82,73,45,54,0,7,3
1410088830,174,45,10,37,97,25,64,4
1235005533,128,73,60,77,3,0,11,4
1661187319,145,60,43,27,94,0,14,4
1374581173,150,65,51,55,73,0,14,3
94186466,90,60,13,53,4,0,21,4
1788326445,85,55,42,53,17,0,22,3
1840364617,180,33,38,71,20,0,28,5
143573775,166,57,84,94,11,0,37,9
684675814,160,71,40,50,16,0,16,22
1113838873,160,65,95,80,5,0,41,16
1267333350,92,70,81,63,4,0,8,4
726307468,170,56,53,64,11,0,45,6
3562543890,96,83,93,65,58,0,9,8
1131090940,120,67,40,52,86,0,12,4
307370144,98,70,37,54,6,0,9,8
1271293243,92,53,12,34,1,0,12,4
265882712,150,34,24,56,4,0,11,3
841749534,94,37,17,47,2,46,11,3
47956378,90,74,36,63,26,0,27,5
806397070,160,54,54,55,67,0,42,11
2132335812,120,70,59,75,24,0,9,4
1641426668,109,63,46,85,1,0,9,5
2135158446,129,57,41,66,63,0,12,5
367316268,157,54,75,60,30,0,7,5
350381515,130,63,49,73,5,0,9,3
1264310836,107,65,19,72,10,0,13,25
30343206,146,50,67,89,0,0,19,8
405136812,139,48,37,41,32,0,10,10
1145727611,116,74,76,70,7,0,13,3
540654286,95,84,52,77,12,0,7,4
57312735,170,62,55,80,15,0,37,7
397582059,134,81,18,64,3,0,10,11
1479115056,84,57,86,90,2,0,9,5
86773632,146,61,20,48,21,0,12,6
133753727,74,53,24,67,11,0,10,28
123124076,144,75,35,48,84,0,10,12
463564958,136,77,79,73,15,0,27,10
64533040,100,56,53,55,53,0,12,4
65496046,105,89,67,78,9,0,7,33
68616963,106,67,24,78,15,0,30,4
161460990,132,85,53,68,40,0,9,4
70106975,120,78,5,30,21,0,13,5
113509496,155,82,51,39,2,0,9,49
89933133,129,70,42,43,78,0,11,3
71007139,135,80,85,74,62,0,8,9
43522589,98,73,45,62,28,0,13,13
232896922,124,84,64,39,3,0,11,4
37126685,135,77,28,55,18,0,22,15
195576623,107,78,39,53,30,0,11,6
532336353,96,54,25,74,14,0,9,11
538115192,123,71,58,70,30,0,32,19
46142772,90,62,7,62,6,0,58,6
401036314,117,72,45,59,14,0,20,21
127026613,133,78,90,84,31,0,7,4
345031710,96,74,61,83,11,0,35,6
288101651,149,66,85,60,40,0,14,13
60350538,110,66,32,40,81,0,11,3
335074782,105,95,62,52,3,0,5,16
76767396,105,80,69,78,28,0,11,14
46065667,134,76,61,58,6,0,16,3
459276435,170,71,59,56,4,0,27,12
39666245,81,59,26,60,46,1,25,13
138517666,154,63,75,92,31,0,91,5
822633917,169,69,69,51,63,0,38,4
595900742,115,78,64,69,4,0,7,14
51985779,84,43,14,74,1,0,19,8
57945987,93,79,58,62,11,0,11,23
115010040,91,82,47,62,10,0,10,15
175097833,142,82,54,44,6,0,33,7
57089066,126,78,20,70,1,0,16,4
488386797,97,73,10,44,26,0,16,8
32761689,101,92,59,51,41,51,26,8
1047480053,98,80,23,48,14,0,6,5
153454328,154,59,63,89,18,0,80,9
217672943,120,91,63,58,52,0,31,22
457184829,150,49,4,55,7,0,6,3
939844851,174,47,27,78,11,0,10,8
726434358,202,34,25,51,69,0,18,4
573633020,153,56,42,52,5,0,36,24
1406111294,142,60,13,37,58,0,13,3
71573339,108,84,55,47,26,0,20,64
24975653,143,83,25,69,4,0,23,12
145458418,108,67,55,67,60,0,80,5
1424589568,104,95,78,66,3,0,4,6
231332117,93,84,96,79,43,0,18,11
415932686,105,65,46,53,16,0,9,5
988515741,170,44,27,32,89,0,14,5
50847624,178,62,56,66,18,0,12,5
39893489,176,50,44,76,10,0,32,5
92035115,104,80,38,88,11,0,11,5
118810253,85,70,83,84,31,0,47,30
77233241,117,77,69,58,39,0,26,5
206399629,80,52,57,48,86,0,15,39
117747907,98,44,36,41,50,0,38,5
266624541,178,79,58,78,34,0,11,25
293186992,148,51,27,33,48,0,22,3
139681964,120,77,94,66,65,0,38,3
123132751,122,68,38,88,1,0,8,5
103762518,144,74,75,73,42,0,9,4
162887075,96,93,47,47,33,0,10,36
91221625,137,77,35,88,16,0,17,9
190490915,121,94,71,61,12,0,53,42
96180277,119,60,10,57,1,0,50,3
185240616,96,72,40,47,71,0,13,4
885093467,111,87,53,52,66,1,11,5
104992946,148,90,74,68,14,0,10,19
147290338,182,57,80,59,8,0,6,5
1302184087,141,79,82,86,28,0,4,9
158950978,145,76,80,81,19,0,6,9
76910644,110,76,26,70,1,0,41,6
137123880,134,70,35,41,41,0,10,3
782369383,130,92,78,62,18,0,6,10
502574952,145,84,88,53,35,0,8,7
207033255,130,69,36,90,1,10,15,4
404887295,173,59,69,53,12,0,23,3
381161027,92,75,55,76,25,0,10,15
466231982,105,56,57,87,0,1,10,4
357580552,175,59,15,64,43,90,12,10
61105704,120,80,33,70,22,0,9,4
198275403,139,70,77,48,37,0,12,5
168448603,132,59,56,82,12,0,12,6
705469769,114,32,17,74,14,0,17,3
34502215,145,54,19,48,36,0,37,5
482175240,110,82,67,69,0,0,18,4
304118600,94,89,61,66,17,0,36,16
1449799467,134,45,17,60,21,0,33,4
173627354,120,62,32,76,0,0,39,4
90025258,123,70,86,68,24,0,11,4
652704649,131,77,84,71,35,0,15,4
1829992958,171,70,6,73,1,0,36,26
655466831,130,80,64,76,2,0,20,6
146409671,94,82,53,67,34,0,9,8
95816024,89,73,44,57,39,0,32,6
117206995,87,65,71,56,4,0,15,20
100409613,124,72,79,78,55,0,15,30
80758350,78,71,80,65,51,0,22,32
325592432,120,70,70,79,7,0,18,10
58473276,96,48,50,80,40,0,37,20
52722996,106,73,22,86,31,0,12,4
191945597,170,78,75,46,62,0,12,35
77377503,134,67,11,76,8,47,30,7
743693613,115,71,90,73,30,0,11,5
267789608,130,74,79,87,45,0,30,3
1221813483,118,65,63,79,3,0,10,3
449701773,110,59,22,38,42,0,12,3
67070410,100,72,42,66,18,4,19,4
116334601,142,70,76,79,26,0,11,7
433356509,140,64,18,37,72,0,12,7
165584767,116,90,96,73,62,0,9,4
367814306,120,73,64,85,25,0,61,3
477033549,92,76,46,79,31,0,7,6
156214700,110,81,64,79,5,0,31,3
448843705,120,71,57,97,1,0,13,11
1357608774,80,63,40,61,9,0,56,6
294352144,115,95,43,69,47,0,9,31
972164968,76,58,46,67,65,0,13,4
920045682,172,60,77,78,45,0,12,6
2420461338,99,40,45,56,69,0,9,5
1947371785,136,36,12,57,9,0,14,8
244658767,150,90,64,14,67,35,11,10
68216992,92,71,41,31,79,0,10,5
223582566,95,77,72,87,17,0,7,5
471819764,102,83,58,83,21,0,10,5
272377463,145,70,34,55,43,0,16,6
1361425037,110,50,24,86,0,0,64,4
149778242,95,64,30,77,46,0,38,6
116599790,94,68,81,82,53,0,9,13
148469433,142,61,92,91,0,0,26,3
497225336,145,59,20,74,1,0,15,5
88791109,121,64,67,80,0,0,36,3
125917280,140,66,43,76,49,0,12,3
105062254,137,84,44,67,8,0,11,6
95623148,104,56,72,85,0,0,15,3
144584800,92,57,68,76,7,0,33,3
298063749,146,74,51,45,86,0,21,38
166570053,120,56,20,43,89,0,12,4
83021468,144,68,83,81,9,0,8,4
139836056,94,59,44,56,80,0,6,3
303216294,94,73,65,79,5,2,11,6
221409663,113,79,66,74,8,0,11,5
58890931,148,50,49,76,12,0,12,3
81419389,98,70,29,73,12,0,11,26
156777415,140,58,26,38,91,0,10,4
284908316,100,36,28,28,81,0,18,3
93438910,140,86,68,79,39,0,11,29
363472647,100,59,78,94,27,0,29,23
372476382,100,59,49,65,2,0,13,3
380726517,132,87,82,70,42,0,21,5
56533272,142,49,48,67,10,0,26,3
175399345,176,72,96,63,25,0,21,7
203221468,140,53,51,70,49,0,14,3
1624165576,105,55,40,90,1,0,32,6
134294498,135,81,97,77,75,0,35,3
70069745,128,82,61,59,30,0,12,4
609293408,101,74,43,69,12,0,12,7
671365962,122,88,43,50,7,0,14,5
362361576,105,76,49,56,80,12,10,13
93587665,83,53,40,36,73,0,11,33
1223481149,77,72,59,76,24,0,42,28
1022258230,140,75,18,25,78,0,11,26
263453310,158,65,72,95,31,0,92,5
1435127549,176,75,43,65,15,0,11,32
236857112,98,73,88,57,56,0,5,2
147538971,107,66,47,40,72,0,11,3
698086140,109,66,16,57,10,1,12,3
723894473,109,84,72,74,10,0,34,7
34450974,148,53,61,81,5,0,36,4
403097450,158,60,52,76,17,0,19,5
309483971,94,74,64,73,6,0,10,6
319566866,96,70,40,51,35,0,10,4
909001996,100,80,29,67,29,0,12,3
1061966512,105,58,42,68,1,0,14,4
32526947,125,53,32,66,38,0,9,3
124988687,170,56,56,63,13,0,19,27
103787664,115,70,84,90,17,0,41,6
134255790,122,64,25,89,0,0,15,9
301051721,105,88,82,80,8,0,11,8
156338624,133,66,74,84,25,0,21,4
152850295,100,79,60,68,7,0,26,4
309653982,120,82,55,45,15,3,9,10
297328960,177,25,17,30,90,0,13,3
332506354,142,64,31,72,15,0,9,5
480507035,144,57,47,84,1,1,52,4
1065580332,120,65,80,86,9,0,19,10
122763672,135,92,73,51,55,0,15,6
445763624,107,81,82,78,38,0,12,4
1365184,105,82,62,74,10,0,33,7
184308753,108,44,38,77,9,0,9,20
789753877,147,51,62,79,22,13,14,3
323358833,115,71,34,88,16,0,44,4
606361689,174,70,57,64,23,0,8,32
120972253,90,68,83,71,3,0,31,8
338564981,141,41,9,25,84,1,14,4
1606986953,82,68,50,49,56,0,8,4
1301799902,92,47,25,43,62,0,32,3
140187018,116,77,65,80,6,0,15,4
1897517891,124,79,59,86,4,0,8,11
107642809,125,71,83,89,1,0,17,9
551305895,90,80,71,69,2,0,27,10
556585270,83,46,34,64,31,0,7,34
2303033973,124,79,68,79,1,0,10,8
646886885,140,58,4,60,7,41,8,3
222612678,154,64,61,91,15,0,72,4
1814349763,150,74,89,70,2,0,5,6
872137015,186,41,9,61,2,0,12,5
571386359,166,40,23,48,5,0,12,3
304079786,107,87,20,83,0,4,31,9
174006928,87,87,52,52,31,0,28,24
284785823,82,40,39,64,21,0,7,7
163284000,114,46,60,28,91,0,21,4
246390068,148,47,15,52,38,13,29,5
482257456,140,91,97,57,38,0,40,29
168684524,101,90,76,81,15,24,33,6
78489819,140,81,6,84,5,23,6,6
195516622,88,49,24,66,19,0,18,29
1260594497,180,64,44,65,28,0,14,12
428685680,133,95,91,89,6,0,31,24
1024858327,108,63,20,55,72,0,6,6
838586769,80,39,24,43,39,0,23,3
199386237,75,80,46,62,3,6,11,46
972509632,121,67,26,64,52,0,17,10
213438580,140,58,17,62,18,0,20,8
1555511105,126,81,59,90,5,0,36,3
210038833,102,58,29,94,0,0,9,11
227918678,82,70,31,34,60,1,11,4
826623384,121,46,53,78,23,0,72,6
1802514301,103,70,92,83,1,0,7,6
1329090101,108,82,88,76,9,0,12,9
181831132,85,65,36,47,31,0,12,10
462791599,125,84,70,69,1,0,5,5
348647203,120,69,40,39,41,0,13,6
366599607,94,58,44,57,57,0,10,3
90598517,130,65,49,80,22,4,7,5
1479264469,110,74,51,74,2,0,29,4
1449779435,150,34,33,63,16,0,7,4
1159176109,107,74,88,65,28,0,46,3
769213520,140,70,85,41,71,0,45,5
741301563,119,74,78,37,84,0,6,3
807561936,93,35,38,23,91,0,29,3
834129063,133,46,53,63,5,0,30,18
663832097,202,24,76,60,77,0,12,4
446390129,134,45,72,24,91,0,18,4
690104769,105,72,33,51,48,0,9,3
485285717,160,51,69,81,0,0,21,5
520034544,148,50,96,82,47,0,34,4
476244795,151,65,70,47,87,0,9,4
629173063,162,67,88,54,51,0,9,4
404664135,92,53,84,77,40,0,32,3
98709329,152,65,35,65,44,18,21,7
110849052,65,71,55,26,85,0,13,8
460492795,147,33,39,61,32,0,77,3
94005786,150,73,71,69,53,0,32,9
395591396,140,67,81,36,64,0,15,3
389771964,139,36,22,15,84,0,11,4
403939487,95,75,74,58,36,0,9,3
481697415,115,60,23,57,0,2,27,3
110073250,125,62,59,43,84,3,11,5
88092256,76,60,19,20,78,0,11,5
351636786,101,72,91,87,14,0,13,3
473248298,143,60,86,32,88,0,34,6
73981293,119,51,51,66,67,0,9,23
155653938,78,67,22,59,76,1,15,16
395591396,96,23,19,25,91,0,40,3
429504768,180,51,87,58,36,0,18,4
242767149,126,34,35,76,39,0,8,5
65362788,150,43,42,44,57,0,15,6
67540165,90,53,47,74,9,0,34,4
62019074,160,72,78,68,28,0,11,12
135723538,114,59,60,94,24,0,10,4
295998468,113,73,72,32,77,0,15,5
261116938,147,67,69,72,17,0,19,3
136689549,100,70,92,59,3,0,10,3
135611421,155,49,42,77,3,0,12,9
356709897,107,54,41,39,51,0,11,16
110649992,112,80,15,54,9,0,38,5
301869854,166,70,57,57,9,20,11,7
127027715,107,69,96,36,81,0,8,4
57144458,81,47,33,68,24,0,22,38
56870689,150,79,77,46,5,0,11,7
323437194,110,66,19,32,69,0,12,4
317726339,108,64,4,40,6,0,10,6
116144341,130,89,48,74,30,0,7,36
328207708,164,70,39,56,6,0,9,7
608228647,114,80,42,68,2,0,66,4
180577478,93,63,93,88,1,0,12,4
809306935,90,87,51,69,36,0,9,8
49262961,128,45,35,68,78,0,39,8
614555082,97,83,47,80,2,0,24,9
245350949,152,69,94,71,79,0,7,8
178660459,175,51,94,34,73,0,10,5
51641685,116,61,48,55,67,0,16,8
78139948,80,33,51,59,76,0,44,6
322336177,93,63,34,86,26,0,21,39
1007612429,122,70,42,54,30,0,37,5
326792833,122,70,91,79,3,0,7,10
391251368,135,70,60,58,4,0,16,3
349585590,109,60,45,47,62,0,31,5
339659802,93,65,82,74,27,0,32,5
674772936,125,85,64,81,2,5,7,9
432719968,206,58,83,45,36,0,11,8
1309887447,130,76,44,77,1,0,13,3
119238316,121,80,62,51,2,0,9,8
116903579,123,74,35,73,0,0,21,5
888046992,122,67,50,67,15,0,30,4
200660871,143,53,50,79,0,0,8,3
130655803,121,70,35,77,1,0,26,4
1887039593,166,56,68,66,28,0,11,18
88103848,135,41,27,64,36,0,60,3
101114984,87,49,49,59,44,0,35,21
1575467011,111,77,74,66,30,0,13,3
91656026,110,75,85,84,10,0,31,19
1042568408,130,66,19,61,30,0,9,7
1735441776,179,61,76,51,30,0,38,15
726837877,93,74,53,73,61,0,13,4
53933526,78,27,10,49,62,0,49,5
267758538,180,65,37,58,2,0,4,31
74601456,86,28,13,41,50,0,19,3
920797189,88,74,55,85,1,0,5,22
539595276,97,68,72,78,4,0,7,5
1367810478,134,71,59,80,13,0,36,5
578207856,116,75,36,76,12,0,10,10
775542072,170,64,14,70,9,0,9,8
863625566,140,83,40,55,16,0,14,23
656013912,118,75,46,76,3,0,9,4
1056760045,65,31,31,24,76,0,14,4
611994237,120,56,16,67,0,0,11,4
1230855859,176,29,12,33,68,0,12,5
582981380,180,59,69,61,84,0,46,36
1858144199,144,59,21,43,76,0,10,7
240684449,133,82,52,61,38,0,14,27
583687007,93,63,21,52,28,0,9,3
63803529,122,77,25,62,34,0,23,3
466214729,88,53,55,73,9,0,3,5
236940480,170,70,61,44,40,0,37,4
41924466,94,46,55,50,71,0,10,11
225259194,170,65,46,47,12,0,13,16
393230256,90,79,79,70,57,0,66,8
287201015,78,40,7,29,62,0,9,3
599770206,94,57,36,58,5,0,15,3
342779426,73,83,11,41,0,0,36,14
673801126,176,73,79,86,42,0,7,18
1168642797,128,81,57,63,40,1,10,4
540539717,120,58,44,60,44,9,5,6
383550148,82,63,85,62,6,0,35,4
530511203,95,77,40,47,2,0,9,3
37307967,118,44,52,94,11,0,4,29
510876816,123,75,93,86,8,0,14,3
1445941661,90,63,49,68,38,0,42,18
1763363713,110,73,14,57,40,0,11,5
374191487,96,66,76,82,47,0,10,32
108809090,88,56,58,55,35,0,23,11
436695353,98,73,60,85,17,0,24,5
421040617,110,72,67,68,0,0,14,4
501541661,80,70,57,49,19,0,12,8
354065229,110,86,31,53,43,0,11,6
1143647827,110,79,70,36,0,0,6,11
311395144,78,77,49,42,1,1,13,19
672656250,129,83,44,62,2,0,8,6
1256880657,181,44,22,60,61,0,42,9
1692897992,114,75,74,77,1,0,9,10
245095641,144,74,39,65,5,1,11,35
686734357,101,66,18,68,9,0,12,4
261414174,84,67,78,63,29,0,12,5
610045621,154,66,63,69,21,0,11,7
1115880852,148,59,72,62,18,0,9,3
594482982,146,85,22,37,13,0,7,30
566954746,120,77,51,79,20,0,26,6
374706940,136,77,82,30,95,0,13,5
184937148,141,59,56,63,12,0,6,36
31959571,108,46,23,48,75,30,14,4
167076418,94,42,47,36,76,0,9,5
824420218,180,35,41,94,0,63,5,5
363467642,122,77,51,79,5,0,16,5
1127468248,85,59,33,52,7,15,12,3
60680939,148,68,29,73,0,0,7,7
247737946,120,83,59,73,6,0,5,11
1699402402,91,70,76,72,22,0,27,4
154797871,120,72,54,71,26,0,10,4
198883004,106,86,86,79,11,0,8,9
124407432,110,63,31,35,93,0,29,3
850608354,169,39,36,45,81,0,8,13
376333030,118,80,21,55,1,0,26,17
516784627,92,91,79,66,32,0,9,16
1608045237,112,45,19,60,63,0,9,6
506778838,140,79,56,91,26,0,13,21
1472799873,105,73,52,76,13,0,5,3
513643924,178,76,63,77,14,0,15,22
261286503,108,96,71,42,57,0,8,9
783706581,173,40,19,29,86,0,34,4
422691058,101,67,40,90,3,0,34,6
1062345656,120,80,24,62,41,2,11,23
1252563873,144,73,66,80,44,0,9,12
851070493,133,75,96,61,0,0,18,4
263894529,158,46,62,83,53,0,97,28
345903614,120,81,92,90,9,0,8,7
951637566,129,61,59,46,56,0,13,5
956865266,102,74,45,89,5,0,26,13
427486004,124,79,79,84,2,0,5,5
156658366,90,73,31,45,85,24,11,3
624515457,161,78,65,52,46,0,12,31
777765388,120,60,11,33,90,0,8,5
412795151,81,45,12,57,7,0,23,3
1138474110,150,78,47,70,18,0,15,9
355219175,105,76,58,84,10,0,13,10
290228626,79,63,76,67,38,0,6,4
1062956628,146,52,7,61,51,0,11,3
1180094974,124,64,8,37,79,0,9,5
1456081449,126,53,66,85,2,0,24,4
432702334,121,75,53,74,2,0,11,5
489945871,136,80,33,60,0,0,32,14
465959382,102,77,26,63,58,0,11,5
1223481149,77,73,54,74,23,0,41,23
2864791672,98,82,54,59,69,0,18,10
2288695111,84,44,22,48,38,0,33,24
720825549,102,89,77,82,3,0,17,11
2086124197,120,42,33,26,92,0,13,3
1690192927,117,52,73,91,0,0,11,7
991336132,72,45,27,33,82,0,14,4
593917618,168,67,29,47,5,0,22,26
200972675,94,52,68,69,13,0,33,8
71014967,145,41,65,88,0,0,26,5
560222750,134,71,14,61,1,0,23,33
1806617704,148,35,24,93,0,0,10,8
77337771,127,60,40,89,9,0,60,6
528544703,172,74,79,66,11,0,8,16
865640097,90,75,19,46,21,4,34,8
2159346687,96,57,30,40,38,0,26,3
211372494,138,74,65,67,46,0,36,4
651732901,120,72,67,72,0,0,13,4
608334048,125,70,65,74,1,0,34,4
863756573,123,82,80,86,1,0,30,13
797402345,81,79,44,54,41,0,13,24
1695712020,171,55,10,85,7,0,8,20
1759567999,91,77,60,32,84,0,8,5
223319934,84,56,61,76,10,0,14,11
54937991,115,90,74,54,16,0,13,28
226897599,125,69,70,89,4,0,49,3
258316038,122,80,62,69,28,0,13,7
596152090,92,85,92,54,16,0,29,7
177129919,90,63,75,75,17,0,11,8
716591492,94,84,90,70,9,0,14,8
1210599487,93,81,53,78,18,0,6,24
246376690,130,51,50,76,30,0,10,7
496311364,180,35,23,61,23,0,19,6
146789379,134,53,31,31,92,0,28,3
843309044,95,92,31,89,3,0,8,25
500340342,184,69,91,63,11,0,9,31
107255472,147,47,50,80,10,0,32,38
135079152,123,52,44,60,40,0,26,3
822239726,123,91,49,61,3,0,17,22
1202722675,90,90,79,71,26,0,7,37
343197054,160,61,65,64,1,0,12,4
240769997,115,60,37,71,8,0,48,4
426204830,141,37,17,67,2,0,34,9
421135627,160,31,30,88,7,0,8,8
554875730,145,57,23,66,4,6,15,4
467727006,89,46,43,43,23,8,8,22
327498031,95,84,49,72,8,0,15,8
185408548,160,60,47,62,3,0,38,4
245400167,174,67,74,75,44,0,7,30
579395142,92,77,76,84,3,0,38,4
675039469,134,93,61,74,9,0,17,8
252871192,172,31,4,86,1,0,28,17
231996128,80,76,92,62,6,0,8,13
1929770265,150,91,42,60,0,0,9,12
918915401,80,78,53,74,4,0,45,21
1180896317,166,81,83,75,14,0,29,34
498960285,120,67,8,54,27,0,8,4
685071800,92,86,89,79,17,0,11,6
258714692,85,74,61,52,30,0,26,9
143139338,154,79,86,52,66,0,9,7
209768491,92,73,37,74,28,0,14,6
64714573,140,89,75,70,6,0,13,5
50746620,89,65,60,60,11,0,10,40
154119539,135,89,89,86,16,0,8,5
181328253,140,51,66,53,60,0,11,18
370068639,82,47,44,76,8,91,9,3
2280566092,79,78,58,45,47,0,18,3
563902868,88,31,31,63,47,27,21,12
317622165,139,44,18,38,70,0,12,4
291709698,124,73,68,83,55,0,90,7
203680270,80,39,45,55,73,0,9,21
81350745,120,84,54,51,47,0,12,40
282883169,80,56,19,46,92,72,11,3
64787943,117,92,62,86,11,0,24,24
2484812918,117,76,77,52,4,0,8,3
461437791,140,62,46,73,10,0,67,11
1439191367,99,68,57,77,2,0,10,5
759208783,93,74,59,87,3,0,8,5
368646862,106,44,8,20,74,42,11,3
299634472,124,81,68,63,17,0,10,22
756907987,95,76,96,70,18,0,33,4
682475162,96,87,82,53,10,0,5,8
546191065,92,81,40,73,15,0,9,8
229473310,124,95,36,37,35,0,10,28
202677468,72,64,76,44,70,9,12,4
121913181,71,28,26,20,19,0,30,3
208166039,135,78,55,57,4,0,10,8
527033089,95,81,56,70,4,0,5,24
94616487,71,59,70,74,56,0,11,40
394030335,180,80,71,68,6,0,10,37
193443895,150,65,11,58,0,0,12,9
299648208,189,55,86,44,40,0,7,4
182978249,85,72,55,64,49,0,7,4
319757142,140,59,73,45,44,0,34,3
109091573,81,77,68,70,6,0,17,20
153240879,104,80,24,65,2,0,9,4
346127840,129,42,33,44,62,0,8,6
312622938,94,76,81,80,20,0,25,4
2197010679,71,41,23,40,27,0,30,5
1200808494,146,59,23,46,66,0,15,6
797196073,103,69,90,88,5,0,29,8
1970673297,124,53,66,78,0,0,16,5
665765558,164,70,71,58,24,0,7,13
263779030,138,69,35,57,12,0,10,9
339473453,126,67,37,46,13,0,10,39
2204080728,103,61,47,65,3,0,17,4
2591224264,95,75,64,52,41,0,11,3
135444283,200,39,28,77,4,0,6,29
1457139296,129,86,75,52,54,0,10,4
236872197,98,68,33,43,38,0,36,14
694525298,107,91,32,56,3,0,11,10
240661097,174,58,56,83,5,0,7,4
421365166,92,45,27,67,32,0,13,14
349746291,90,81,59,83,9,0,11,5
255120451,147,60,58,69,2,0,58,4
190981339,143,68,41,55,16,0,10,12
924193303,101,76,63,71,3,0,10,3
305771063,118,70,54,71,0,0,33,4
273005485,98,83,63,74,14,0,16,6
89566512,138,72,22,46,24,0,9,6
677389855,114,59,30,62,1,0,8,4
75476209,180,63,45,64,34,0,9,8
408843328,145,56,41,57,1,0,13,3
187772591,115,78,63,64,1,0,7,4
178512385,82,79,48,84,13,0,21,23
101780047,166,70,22,61,2,0,10,34
118381354,92,86,91,79,29,0,60,16
146363130,108,71,55,44,74,0,11,6
126443991,84,71,63,45,45,0,11,3
157990698,95,69,90,91,6,0,35,4
176290831,135,93,77,45,25,0,13,27
1023187129,110,57,6,27,84,0,9,3
106933107,88,89,59,64,5,0,19,7
139193812,119,87,28,50,12,0,10,10
212234990,120,58,71,80,15,0,7,41
1714490998,122,86,97,80,36,0,9,6
197643795,98,78,83,75,41,0,27,8
807015863,140,45,25,84,21,0,13,6
933815613,116,79,87,81,4,0,10,4
499710590,124,86,62,49,51,0,35,21
120847157,105,91,73,72,13,0,9,15
53909146,118,68,24,58,44,0,6,3
2236667932,108,61,20,38,61,0,10,5
2123309722,100,61,53,38,84,0,28,44
301242089,140,81,39,66,38,0,12,14
723894473,109,84,72,74,10,0,34,7
237351106,101,78,40,74,36,0,17,27
461558540,78,56,61,90,36,0,18,31
417230415,93,79,22,55,31,0,12,5
156898322,87,52,32,83,24,0,17,43
127309180,153,55,50,78,19,0,11,35
313113297,142,87,93,59,28,0,17,5
173702135,96,85,41,43,39,0,12,21
271666301,125,50,39,78,4,0,11,33
305650299,85,71,43,65,23,0,9,5
123216717,140,92,78,57,46,0,14,9
479655659,196,66,58,79,23,0,22,20
126191104,134,78,51,43,69,0,14,9
344055883,103,80,45,62,76,0,10,38
338422004,130,82,50,67,12,0,13,5
68895644,108,65,52,69,31,0,8,36
86176890,123,61,66,71,53,0,32,46
403231558,152,84,74,69,21,0,18,6
319546754,108,78,55,60,59,0,7,4
61739839,72,56,56,47,76,0,8,36
283359161,121,86,67,65,42,0,35,7
76831876,138,57,71,82,19,0,15,29
283332261,188,50,41,50,69,0,12,6
307752576,110,80,26,85,23,0,11,21
279737940,105,81,77,79,19,0,47,8
212351890,118,63,60,70,5,0,9,31
1304313953,176,61,24,62,60,0,24,31
150500965,158,83,41,65,0,10,11,8
246127838,115,85,72,58,9,0,49,12
582863434,110,51,48,82,0,0,5,3
58687425,174,73,26,54,30,0,34,32
212109195,130,91,91,96,3,0,3,9
382199619,78,36,30,54,34,0,14,5
41210087,104,44,74,42,88,0,9,9
231657891,121,64,80,88,0,0,12,6
53729194,105,83,32,82,14,0,12,4
244741137,81,38,20,66,9,0,9,8
42485571,170,37,14,24,80,0,11,4
37778188,78,43,60,38,76,1,48,38
254218729,125,88,28,66,6,0,13,31
53603447,92,66,29,65,23,0,8,7
160035717,140,84,61,42,31,0,9,9
164163229,96,61,32,90,25,0,10,9
37091576,118,66,83,43,84,0,19,19
284249832,92,71,67,60,7,0,6,4
33381454,140,49,50,37,87,0,11,35
184622518,174,68,45,71,18,0,11,25
300983101,127,77,53,78,19,0,29,4
121077868,96,71,37,52,62,0,11,36
106919680,150,82,82,66,13,0,11,6
136996305,100,87,46,60,1,0,13,16
65719930,105,73,59,81,13,0,9,6
229497852,104,86,43,62,5,0,13,14
185550869,154,54,45,79,1,0,17,5
54682594,80,47,33,83,18,0,10,5
240580042,150,53,14,43,64,0,13,3
1284942608,156,32,49,72,0,0,9,4
71423324,98,76,79,81,18,0,6,34
244891912,92,58,27,36,86,0,9,3
132171975,144,47,7,50,32,0,7,4
184706613,150,37,27,56,8,0,13,3
184826429,138,70,31,44,84,0,9,39
302006641,172,56,68,89,4,0,33,19
330881149,77,72,70,82,2,0,4,17
334733572,107,72,36,72,26,6,11,4
366214458,114,51,39,29,90,0,10,4
114546317,117,63,29,51,43,0,25,4
290833204,146,69,63,45,48,0,18,4
448500832,160,80,74,60,8,0,14,26
136676504,120,88,15,56,1,0,8,6
190625045,100,82,76,70,16,0,8,5
79095270,158,60,68,84,4,0,24,11
273194684,142,56,40,54,72,0,10,4
333146475,170,80,77,85,11,0,17,14
194902696,84,71,39,86,2,0,51,25
311482393,139,58,30,46,14,0,9,3
195918494,151,73,88,67,20,0,32,5
248511839,128,82,42,75,6,0,63,6
233671263,118,56,20,54,67,0,6,5
199587884,183,65,88,72,36,14,20,3
91781263,83,63,29,62,4,0,18,4
383835984,122,85,42,80,6,0,17,14
236060709,165,72,90,48,32,0,18,23
189236868,106,83,90,64,35,5,9,4
160845341,77,81,68,58,83,0,11,34
588955257,91,57,30,89,10,0,33,8
238350348,148,51,21,63,5,0,41,3
187703102,114,71,90,81,31,2,13,3
295307001,120,91,63,77,12,1,10,5
138334433,92,83,56,82,10,0,9,5
445590495,118,56,25,45,1,3,7,3
286739476,123,60,46,71,3,0,16,4
1122364376,89,52,28,48,54,1,19,3
157136970,110,81,61,93,49,0,12,11
137070925,118,42,32,20,94,0,11,4
183273246,90,68,54,76,21,0,11,20
184807630,130,49,14,40,82,0,11,3
164856284,154,70,97,62,47,0,10,4
704171068,105,54,59,83,0,44,20,4
354614964,115,70,87,88,4,0,26,8
279717388,110,91,59,82,8,0,6,8
195628667,125,51,5,68,12,2,15,6
221752937,102,73,62,75,0,0,34,8
263280370,120,81,72,65,4,0,14,4
213505179,97,80,36,86,4,0,3,5
130419412,140,44,41,92,0,0,44,7
155795783,97,78,31,72,1,0,11,4
1553497987,125,45,67,90,9,11,10,5
293466523,88,80,55,56,13,0,8,9
711366595,170,56,52,64,11,0,45,7
191448892,137,88,8,49,9,0,9,14
85924992,157,88,52,69,0,0,8,23
176103902,130,95,83,57,54,0,10,25
121189256,90,85,80,83,10,0,8,11
131746175,183,44,44,67,7,0,12,13
244790012,128,58,68,91,2,0,27,11
129314708,130,71,78,40,46,0,7,45
331511413,126,63,56,43,24,0,12,23
219196651,120,77,94,87,2,0,23,12
170732845,130,72,18,46,7,0,28,8
273914335,122,70,46,76,30,0,9,45
179061440,172,74,46,58,15,0,13,8
185236961,103,61,38,62,14,0,23,40
171788484,122,55,46,64,0,0,17,10
387080183,130,47,56,90,0,0,10,4
264717480,105,81,70,65,24,0,8,4
244928911,120,90,73,51,39,0,9,6
97610446,145,56,43,53,24,0,12,4
287278853,99,79,64,59,28,0,11,14
887906111,88,79,66,65,5,0,25,14
123473120,126,81,90,73,28,0,29,4
295152154,136,77,71,75,33,1,13,4
323455692,113,70,97,59,55,0,27,12
240918092,132,82,49,88,20,0,21,3
191873381,135,77,74,74,47,0,34,8
284216603,126,67,49,77,11,0,19,11
239411309,102,67,72,74,30,0,36,4
265548837,125,68,80,92,10,0,9,12
703301727,149,37,28,66,14,0,9,5
244585109,137,74,71,89,24,61,15,5
189476119,120,77,78,91,14,0,33,12
277132266,100,90,75,50,11,0,9,26
278920007,164,70,58,57,25,0,15,7
222410722,93,65,79,66,31,0,22,7
185392587,180,65,52,80,5,0,6,25
202452860,79,34,22,31,43,63,10,7
1608164312,146,56,21,44,73,0,11,2
624101957,103,37,17,27,75,5,10,3
148461629,140,70,26,76,8,0,54,23
47093942,92,81,48,70,13,0,15,7
380319238,102,64,4,60,11,0,19,4
209106362,118,82,75,85,33,1,11,4
53987404,93,78,75,62,6,0,15,6
115331792,150,70,26,56,14,83,11,5
225093344,130,52,24,60,0,0,8,3
84697729,83,65,24,53,6,0,51,4
159240673,102,84,43,75,5,0,6,8
170709584,136,73,65,91,4,0,48,18
154356956,145,66,24,58,17,0,19,5
723043854,130,57,24,37,11,18,16,3
247689123,156,72,92,77,9,0,8,11
176474912,123,57,50,85,5,0,16,4
235549288,132,92,53,62,7,0,63,10
140430339,125,49,13,74,0,0,9,4
85559365,162,74,22,67,0,0,11,46
146223492,138,80,82,81,14,0,13,36
187701588,161,59,62,60,12,0,5,44
154863153,131,91,23,55,1,0,7,32
191333656,122,75,45,63,6,0,35,12
253650850,80,80,16,28,17,0,12,39
223064273,109,75,11,50,20,0,30,17
170413877,158,84,33,36,2,0,39,59
218320587,126,66,12,35,55,0,9,14
141720999,104,73,25,61,1,0,32,7
187339835,110,48,15,31,80,22,12,4
198365537,130,77,20,70,1,0,16,5
186104310,177,34,39,16,97,0,12,5
177503916,158,48,55,84,43,0,15,12
71095708,114,62,25,44,51,33,14,3
112436403,144,93,62,61,0,0,12,20
203436468,125,54,22,76,0,0,14,3
93367537,142,85,40,43,4,0,39,32
106249219,120,64,11,53,1,0,25,27
181382590,96,57,55,74,22,0,8,4
91473363,144,60,24,39,57,0,8,3
121871870,166,42,7,24,83,1,12,6
73513683,92,80,81,67,4,0,8,6
133895612,97,82,67,77,8,0,12,5
96007391,90,61,32,67,15,0,11,5
